,HPI,Date,InterestDiscount,Avg Mortgage,gdp,Cons. Sentiment Index,cpi,population,employed population,avg house sales price,monthly new houses,new houses authorized,new houses completed,ppi
0,100.0,2000-01-01,5.0,8.21,45983.0,112.0,0.297088532382659,211410,136559,202900.0,4.3,1727.0,1574.0,144.1
1,100.571,2000-02-01,5.24,8.325,,111.3,0.5924170616113771,211576,136598,,4.3,1692.0,1677.0,144.7
2,101.466,2000-03-01,5.34,8.24,,107.1,0.8244994110718371,211772,136701,,4.3,1651.0,1704.0,145.4
3,102.54,2000-04-01,5.5,8.1525,46704.0,109.2,0.058411214953279014,212018,137270,202400.0,4.4,1597.0,1610.0,145.6
4,103.701,2000-05-01,5.71,8.515,,110.7,0.11675423234092301,212242,136630,,4.4,1543.0,1682.0,144.9
5,104.855,2000-06-01,6.0,8.288,,106.4,0.524781341107882,212466,136940,,4.8,1572.0,1530.0,145.0
6,105.721,2000-07-01,6.0,8.1475,46624.0,108.3,0.23201856148492,212677,136531,204100.0,4.1,1542.0,1495.0,144.4
7,106.521,2000-08-01,6.0,8.0275,,107.3,0.0,212916,136662,,4.4,1552.0,1573.0,143.7
8,107.135,2000-09-01,6.0,7.912,,106.8,0.5208333333333119,213163,136893,,4.0,1570.0,1528.0,143.4
9,107.728,2000-10-01,6.0,7.795,46777.0,105.8,0.17271157167531098,213405,137088,212100.0,4.0,1577.0,1513.0,143.3
10,108.29,2000-11-01,6.0,7.745,,107.6,0.0574712643678088,213540,137322,,4.2,1614.0,1539.0,142.7
11,108.791,2000-12-01,6.0,7.382,,98.4,-0.0574382538770748,213736,137614,,3.6,1543.0,1521.0,142.5
12,109.214,2001-01-01,5.52,7.0325,46519.0,94.7,0.632183908045972,213888,137778,211000.0,3.8,1699.0,1456.0,142.0
13,109.641,2001-02-01,5.0,7.05,,90.6,0.39977155910909007,214110,137612,,3.7,1656.0,1536.0,142.4
14,110.394,2001-03-01,4.81,6.952,,91.5,0.22753128555174898,214305,137783,,3.8,1659.0,1470.0,142.4
15,111.247,2001-04-01,4.28,7.0775,46698.0,88.4,0.3972758229285,214525,137299,211200.0,3.9,1666.0,1574.0,142.5
16,112.202,2001-05-01,3.73,7.145,,92.0,0.4522328999434579,214732,137092,,4.0,1665.0,1497.0,144.2
17,113.272,2001-06-01,3.47,7.16,,92.6,0.16882386043895004,214950,136873,,4.2,1626.0,1654.0,144.3
18,114.226,2001-07-01,3.25,7.1275,46390.0,92.4,-0.2808988764044881,215180,137071,207800.0,4.2,1598.0,1582.0,143.4
19,114.987,2001-08-01,3.16,6.95,,91.5,0.0,215420,136241,,4.4,1615.0,1615.0,143.3
20,115.464,2001-09-01,2.77,6.8175,,81.8,0.450704225352114,215665,136846,,4.4,1565.0,1551.0,143.0
21,115.68,2001-10-01,2.02,6.6175,46400.0,82.7,-0.33651149747618,215903,136392,214200.0,4.3,1566.0,1599.0,142.3
22,115.838,2001-11-01,1.58,6.658,,83.9,-0.16882386043893502,216117,136238,,4.1,1651.0,1555.0,142.1
23,116.056,2001-12-01,1.33,7.065,,88.8,-0.39458850056370703,216315,136047,,3.8,1680.0,1693.0,141.7
24,116.437,2002-01-01,1.25,6.9975,46683.0,93.0,0.22637238256932798,216506,135701,227600.0,4.2,1665.0,1632.0,142.0
25,116.917,2002-02-01,1.25,6.8925,,90.7,0.395256916996071,216663,136438,,4.0,1787.0,1671.0,142.2
26,117.929,2002-03-01,1.25,7.014,,95.7,0.562429696287966,216823,136177,,4.1,1691.0,1559.0,143.2
27,119.208,2002-04-01,1.25,6.985,46866.0,93.0,0.559284116331084,217006,136126,227600.0,4.3,1669.0,1625.0,143.5
28,120.788,2002-05-01,1.25,6.806,,96.9,0.0,217198,136539,,4.0,1716.0,1705.0,143.8
29,122.332,2002-06-01,1.25,6.65,,92.4,0.0556173526140231,217407,136415,,4.2,1758.0,1589.0,144.3
30,123.686,2002-07-01,1.25,6.485,46936.0,88.1,0.111172873818774,217630,136413,219100.0,4.2,1738.0,1615.0,144.7
31,124.729,2002-08-01,1.25,6.29,,87.6,0.333148250971684,217866,136705,,4.0,1695.0,1722.0,145.1
32,125.493,2002-09-01,1.25,6.0925,,86.1,0.16602102933039,218107,137302,,3.9,1803.0,1641.0,145.4
33,126.136,2002-10-01,1.25,6.1125,46883.0,80.6,0.165745856353599,218340,137008,232500.0,4.0,1799.0,1601.0,145.0
34,126.642,2002-11-01,0.83,6.068,,84.2,0.0,218548,136521,,4.0,1771.0,1718.0,144.6
35,127.15,2002-12-01,0.75,6.0475,,86.7,-0.220628792057364,218741,136426,,4.0,1896.0,1671.0,144.3
36,127.652,2003-01-01,2.25,5.916,47027.0,82.4,0.442233278054161,219897,137417,233100.0,4.0,1808.0,1654.0,144.4
37,128.326,2003-02-01,2.25,5.8425,,79.9,0.770500825536602,220114,137482,,4.5,1854.0,1688.0,145.2
38,129.308,2003-03-01,2.25,5.745,,77.6,0.600764609502999,220317,137434,,4.1,1757.0,1638.0,145.2
39,130.488,2003-04-01,2.25,5.8125,47342.0,86.0,-0.21715526601518698,220540,137633,241000.0,4.1,1803.0,1662.0,145.9
40,131.839,2003-05-01,2.25,5.484,,92.1,-0.16322089227421901,220768,137544,,3.9,1835.0,1733.0,145.8
41,133.225,2003-06-01,2.0,5.23,,89.7,0.10899182561307902,221014,137790,,3.5,1875.0,1641.0,146.1
42,134.64700000000002,2003-07-01,2.0,5.6325,48012.0,90.9,0.10887316276537899,221252,137474,248100.0,3.6,1885.0,1680.0,147.0
43,135.965,2003-08-01,2.0,6.264,,89.3,0.38064165307231607,221507,137549,,3.5,1966.0,1570.0,147.2
44,137.076,2003-09-01,2.0,6.1475,,87.7,0.32502708559046695,221779,137609,,3.8,1961.0,1719.0,149.0
45,137.975,2003-10-01,2.0,5.952,48450.0,89.6,-0.10799136069114501,222039,137984,256000.0,3.8,2012.0,1728.0,149.6
46,138.764,2003-11-01,2.0,5.9325,,93.7,-0.27027027027026396,222279,138424,,4.1,1918.0,1692.0,150.2
47,139.627,2003-12-01,2.0,5.876,,92.6,-0.108401084010841,222509,138411,,4.0,1987.0,1716.0,149.7
48,140.705,2004-01-01,2.0,5.7125,48633.0,103.8,0.48833423765599,222161,138472,262900.0,3.8,1952.0,1709.0,150.0
49,142.028,2004-02-01,2.0,5.635,,94.4,0.5399568034557121,222357,138542,,3.7,1966.0,1718.0,153.4
50,144.08,2004-03-01,2.0,5.445,,95.8,0.644468313641263,222550,138453,,3.6,2066.0,1794.0,156.5
51,146.179,2004-04-01,2.0,5.83,48905.0,94.2,0.320170757737461,222757,138680,265300.0,4.0,2070.0,1938.0,160.1
52,148.334,2004-05-01,2.0,6.27,,90.2,0.585106382978719,222967,138852,,3.8,2150.0,1893.0,162.7
53,150.518,2004-06-01,2.25,6.2875,,95.6,0.31729243786356603,223196,139174,,3.9,2020.0,1857.0,162.0
54,152.33700000000005,2004-07-01,2.25,6.056,49243.0,96.7,-0.158144438587237,223422,139556,274000.0,4.5,2112.0,1881.0,162.2
55,153.814,2004-08-01,2.5,5.8675,,95.9,0.0527983104540587,223677,139573,,4.3,2056.0,1911.0,165.9
56,155.108,2004-09-01,2.75,5.754,,94.2,0.211081794195252,223941,139487,,4.1,2041.0,1796.0,167.2
57,156.298,2004-10-01,2.75,5.7225,49623.0,91.7,0.526592943654557,224192,139732,286300.0,3.9,2097.0,1839.0,165.9
58,157.496,2004-11-01,3.0,5.73,,92.8,0.0523834468308086,224422,140231,,4.3,2079.0,1758.0,165.5
59,158.67,2004-12-01,3.25,5.752,,97.1,-0.366492146596853,224640,140125,,4.1,2082.0,1921.0,166.3
60,160.13,2005-01-01,3.25,5.71,50068.0,95.5,0.21019442984759598,224837,140245,288500.0,4.4,2139.0,1892.0,168.6
61,161.924,2005-02-01,3.5,5.6275,,94.1,0.576822233875206,225041,140385,,4.3,2114.0,1908.0,170.4
62,164.576,2005-03-01,3.75,5.928,,92.6,0.782064650677772,225236,140654,,4.1,2062.0,1787.0,170.0
63,166.99900000000005,2005-04-01,3.75,5.855,50204.0,87.7,0.672529746508014,225441,141254,287800.0,4.3,2150.0,1927.0,170.0
64,169.544,2005-05-01,4.0,5.72,,86.9,-0.10277492291879499,225670,141609,,4.2,2085.0,2103.0,168.1
65,172.015,2005-06-01,4.25,5.582,,96.0,0.0514403292181004,225911,141714,,4.3,2178.0,1965.0,167.8
66,174.097,2005-07-01,4.25,5.695,50470.0,96.5,0.462724935732656,226153,142026,294600.0,4.2,2203.0,1886.0,167.2
67,175.923,2005-08-01,4.5,5.82,,89.1,0.5117707267144339,226421,142434,,4.5,2219.0,1952.0,165.9
68,177.61,2005-09-01,4.75,5.774,,76.9,1.22199592668025,226693,142401,,4.7,2263.0,1922.0,168.9
69,178.75099999999995,2005-10-01,4.75,6.065,50629.0,74.2,0.201207243460752,226959,142548,294200.0,4.5,2170.0,1962.0,171.6
70,179.673,2005-11-01,5.0,6.33,,81.6,-0.8032128514056259,227204,142499,,5.0,2218.0,1907.0,172.7
71,180.107,2005-12-01,5.25,6.272,,91.5,-0.40485829959513003,227425,142752,,4.9,2120.0,1941.0,173.5
72,180.828,2006-01-01,5.5,6.145,51200.0,91.2,0.762195121951216,227553,143150,305300.0,5.3,2212.0,2036.0,177.2
73,181.5,2006-02-01,5.5,6.2525,,86.7,0.20171457387795003,227763,143457,,6.1,2141.0,2048.0,177.7
74,182.749,2006-03-01,5.75,6.324,,88.9,0.55359838953198,227975,143741,,5.9,2118.0,2245.0,178.3
75,183.648,2006-04-01,5.75,6.5075,51210.0,87.4,0.8508508508508341,228199,143761,302600.0,6.3,1998.0,2071.0,179.0
76,184.38,2006-05-01,6.0,6.5975,,79.1,0.49627791563274304,228428,144089,,6.2,1905.0,1897.0,179.9
77,184.547,2006-06-01,6.25,6.682,,84.9,0.19753086419753196,228671,144353,,6.3,1867.0,2050.0,180.7
78,184.607,2006-07-01,6.25,6.7625,51155.0,84.7,0.295712173484489,228912,144202,308100.0,7.3,1763.0,1934.0,182.3
79,184.405,2006-08-01,6.25,6.524,,82.0,0.196560196560197,229167,144625,,6.7,1722.0,1877.0,182.6
80,184.198,2006-09-01,6.25,6.4025,,85.4,-0.490436488474757,229420,144815,,6.7,1655.0,2011.0,183.3
81,184.053,2006-10-01,6.25,6.3575,51455.0,93.6,-0.542138984721521,229675,145314,299600.0,7.3,1570.0,1918.0,182.3
82,183.631,2006-11-01,6.25,6.24,,92.1,-0.148662041625379,229905,145534,,6.6,1535.0,1893.0,179.8
83,183.229,2006-12-01,6.25,6.135,,91.7,0.148883374689833,230108,145970,,6.5,1638.0,1888.0,179.8
84,182.718,2007-01-01,6.25,6.2175,51492.0,96.9,0.305252725470763,230650,146028,322100.0,7.2,1626.0,1822.0,181.1
85,182.471,2007-02-01,6.25,6.285,,91.3,0.5350367559876621,230834,146057,,7.9,1598.0,1640.0,181.5
86,182.193,2007-03-01,6.25,6.156,,88.4,0.910569585108543,231034,146320,,7.9,1596.0,1623.0,182.5
87,182.131,2007-04-01,6.25,6.18,51705.0,87.1,0.6496162686508891,231253,145586,310100.0,7.4,1470.0,1539.0,183.7
88,181.884,2007-05-01,6.25,6.262,,88.3,0.61107186747047,231480,145903,,7.8,1493.0,1536.0,184.0
89,181.54,2007-06-01,6.25,6.6575,,85.3,0.193797517660565,231713,146063,,8.2,1407.0,1481.0,184.0
90,180.993,2007-07-01,6.25,6.695,51882.0,90.4,-0.0254377207802054,231958,145905,301200.0,8.3,1361.0,1534.0,184.2
91,180.234,2007-08-01,5.75,6.572,,83.4,-0.18339022270871103,232211,145682,,9.2,1321.0,1512.0,183.9
92,179.122,2007-09-01,5.25,6.3825,,83.4,0.275590740535893,232461,146244,,9.2,1261.0,1356.0,183.4
93,177.53,2007-10-01,5.0,6.375,52066.0,80.9,0.213919132812117,232715,145946,305800.0,8.5,1192.0,1405.0,183.0
94,175.162,2007-11-01,5.0,6.208,,76.1,0.5939617873415811,232939,146595,,9.4,1224.0,1390.0,183.3
95,173.338,2007-12-01,4.75,6.095,,75.5,-0.0670863129647814,233156,146273,,9.6,1149.0,1328.0,183.5
96,171.077,2008-01-01,3.5,5.758,51740.0,78.4,0.49705764726046897,232616,146378,290400.0,9.3,1094.0,1331.0,184.3
97,169.19099999999997,2008-02-01,3.5,5.9175,,70.8,0.290411218495348,232809,146156,,9.7,1014.0,1274.0,185.7
98,167.90400000000002,2008-03-01,2.5,5.97,,69.5,0.866821293098967,232995,146086,,10.5,967.0,1195.0,187.8
99,167.324,2008-04-01,2.25,5.9175,51923.0,62.6,0.6064778389719561,233198,146132,304200.0,10.3,1008.0,1022.0,190.9
100,167.021,2008-05-01,2.25,6.036,,59.8,0.8420886031756311,233405,145908,,10.7,995.0,1142.0,195.8
101,166.537,2008-06-01,2.25,6.32,,56.4,1.0076996934894,233627,145737,,10.7,1180.0,1142.0,200.4
102,165.713,2008-07-01,2.25,6.426,51523.0,61.2,0.525101112812213,233864,145532,285100.0,10.5,921.0,1087.0,203.4
103,164.27700000000004,2008-08-01,2.25,6.4775,,63.0,-0.39915622556417396,234107,145203,,11.3,858.0,1017.0,206.5
104,161.912,2008-09-01,2.25,6.0375,,70.3,-0.13830185406645498,234360,145076,,10.9,797.0,1160.0,206.3
105,159.162,2008-10-01,1.25,6.2,50281.0,57.6,-1.01013332845789,234612,144802,276600.0,11.6,736.0,1055.0,201.8
106,156.071,2008-11-01,1.25,6.0875,,55.3,-1.9152895328595803,234828,144100,,11.4,626.0,1076.0,199.6
107,152.54399999999995,2008-12-01,0.5,5.286,,60.1,-1.03424738142875,235035,143369,,11.2,554.0,1021.0,194.8
108,149.362,2009-01-01,0.5,5.0475,49594.0,61.2,0.435241737542101,234739,142152,257000.0,12.2,545.0,777.0,193.3
109,147.618,2009-02-01,0.5,5.13,,56.3,0.49729330359047497,234913,141640,,10.5,558.0,819.0,191.2
110,146.514,2009-03-01,0.5,5.0025,,57.3,0.24317484554154,235086,140707,,11.0,513.0,839.0,190.2
111,146.942,2009-04-01,0.5,4.81,49408.0,65.1,0.24963682777879898,235271,140656,273400.0,10.7,521.0,846.0,188.1
112,148.17,2009-05-01,0.5,4.8575,,68.7,0.288876383417745,235452,140248,,9.3,556.0,818.0,186.9
113,149.797,2009-06-01,0.5,5.42,,70.8,0.8589892263953359,235655,140009,,8.5,601.0,797.0,187.1
114,150.748,2009-07-01,0.5,5.222,49473.0,66.0,-0.158558692215323,235870,139901,274100.0,7.9,595.0,797.0,187.6
115,150.668,2009-08-01,0.5,5.1925,,65.7,0.224285004481049,236087,139492,,7.5,616.0,792.0,188.1
116,149.627,2009-09-01,0.5,5.0575,,73.5,0.0625480693495817,236322,138818,,7.8,609.0,721.0,189.3
117,148.584,2009-10-01,0.5,4.952,49886.0,70.6,0.0963101185818578,236550,138432,272900.0,7.4,583.0,746.0,189.7
118,147.939,2009-11-01,0.5,4.875,,67.4,0.0707753368767079,236743,138659,,7.6,623.0,844.0,189.2
119,146.664,2009-12-01,0.5,4.93,,72.5,-0.176119816946313,236924,138013,,8.0,664.0,750.0,189.4
120,145.003,2010-01-01,0.5,5.03,50036.0,74.4,0.34174735701485,236832,138438,275300.0,8.1,636.0,689.0,190.3
121,143.054,2010-02-01,0.75,4.99,,73.6,0.024920738207648,236998,138581,,8.3,650.0,670.0,192.2
122,143.597,2010-03-01,0.75,4.9675,,73.6,0.4106283536571079,237159,138751,,7.1,687.0,635.0,193.7
123,145.404,2010-04-01,0.75,5.098,50424.0,72.2,0.173688491069743,237329,139297,268800.0,6.2,637.0,737.0,196.5
124,147.04,2010-05-01,0.75,4.8875,,73.6,0.0775197354237721,237499,139241,,9.3,575.0,702.0,198.9
125,147.705,2010-06-01,0.75,4.7375,,76.0,-0.0976267084673888,237690,139141,,8.3,587.0,894.0,197.2
126,147.565,2010-07-01,0.75,4.564,50706.0,67.8,0.0211043057371509,237890,139179,266000.0,8.9,579.0,572.0,195.6
127,146.43,2010-08-01,0.75,4.4275,,68.9,0.138066427840807,238099,139438,,8.8,580.0,592.0,194.1
128,144.611,2010-09-01,0.75,4.346,,68.2,0.0581736230715569,238322,139396,,7.6,563.0,632.0,193.9
129,143.13299999999995,2010-10-01,0.75,4.225,50859.0,67.7,0.12451988884769599,238530,139119,278000.0,8.2,558.0,605.0,193.8
130,141.82299999999995,2010-11-01,0.75,4.3,,71.6,0.0420646423819507,238715,139044,,8.2,560.0,552.0,193.6
131,140.63299999999998,2010-12-01,0.75,4.714,,74.5,0.17184407892030898,238889,139301,,7.0,632.0,565.0,194.2
132,139.041,2011-01-01,0.75,4.755,50646.0,74.2,0.47632300539741396,238704,139250,268100.0,7.3,576.0,520.0,195.9
133,137.737,2011-02-01,0.75,4.9525,,77.5,0.49313650254516206,238851,139394,,8.1,542.0,615.0,198.1
134,137.789,2011-03-01,0.75,4.836,,67.5,0.9751072030509379,239000,139639,,7.2,583.0,591.0,199.7
135,139.16,2011-04-01,0.75,4.84,50897.0,69.8,0.643942953545699,239146,139586,267600.0,6.7,581.0,549.0,201.1
136,140.694,2011-05-01,0.75,4.6375,,74.3,0.47041875272336403,239313,139624,,6.6,618.0,549.0,201.6
137,141.946,2011-06-01,0.75,4.51,,71.5,-0.107096705669922,239489,139384,,6.6,636.0,579.0,201.9
138,142.343,2011-07-01,0.75,4.545,50769.0,63.7,0.0886045666793554,239671,139524,263000.0,6.7,621.0,634.0,202.6
139,141.786,2011-08-01,0.75,4.27,,55.8,0.27575889023645,239871,139942,,6.5,647.0,614.0,202.8
140,140.17,2011-09-01,0.75,4.106,,59.5,0.15184621156946101,240071,140183,,6.3,610.0,603.0,202.7
141,138.412,2011-10-01,0.75,4.0675,51232.0,60.8,-0.20626826333583603,240269,140368,259700.0,6.0,671.0,566.0,202.7
142,136.668,2011-11-01,0.75,3.9925,,63.7,-0.084356133044206,240441,140826,,5.7,706.0,585.0,202.2
143,135.16899999999998,2011-12-01,0.75,3.958,,69.9,-0.24665163771381698,240584,140902,,5.3,697.0,610.0,202.2
144,134.16899999999998,2012-01-01,0.75,3.915,51559.0,75.0,0.44001914282675103,242269,141584,278000.0,5.3,712.0,545.0,203.9
145,133.998,2012-02-01,0.75,3.89,,75.3,0.4402973551276311,242435,141858,,4.8,738.0,561.0,205.1
146,135.865,2012-03-01,0.75,3.954,,76.2,0.7594558623930859,242604,142036,,4.9,806.0,582.0,205.7
147,138.471,2012-04-01,0.75,3.91,51702.0,76.4,0.302102950408034,242784,141899,282700.0,4.9,732.0,671.0,206.3
148,141.048,2012-05-01,0.75,3.798,,79.3,-0.11734793663210501,242966,142206,,4.7,796.0,626.0,206.5
149,143.17,2012-06-01,0.75,3.675,,73.2,-0.14663968844504902,243155,142391,,4.8,794.0,625.0,206.6
150,144.283,2012-07-01,0.75,3.55,51684.0,72.3,-0.162978586182561,243354,142292,294500.0,4.6,849.0,676.0,206.2
151,144.707,2012-08-01,0.75,3.602,,74.3,0.556515818143709,243566,142291,,4.6,840.0,684.0,205.5
152,144.359,2012-09-01,0.75,3.4975,,78.3,0.4462212267611311,243772,143044,,4.5,930.0,652.0,206.6
153,143.969,2012-10-01,0.75,3.3825,51634.0,82.6,-0.0388925140553232,243983,143431,297700.0,4.9,887.0,730.0,205.5
154,143.96200000000005,2012-11-01,0.75,3.352,,82.7,-0.47380866948818795,244174,143333,,4.6,917.0,668.0,205.6
155,143.869,2012-12-01,0.75,3.345,,72.9,-0.269306449020735,244350,143330,,4.5,941.0,677.0,206.4
156,144.313,2013-01-01,0.75,3.414,51998.0,73.8,0.295730419292604,244663,143292,307400.0,4.0,940.0,714.0,208.4
157,145.162,2013-02-01,0.75,3.5325,,77.6,0.819002952926876,244828,143362,,4.1,980.0,729.0,209.1
158,147.961,2013-03-01,0.75,3.565,,78.6,0.261450858437495,244995,143316,,4.2,936.0,816.0,209.8
159,150.969,2013-04-01,0.75,3.445,51982.0,76.4,-0.103963947708716,245175,143635,320400.0,4.4,1012.0,712.0,210.7
160,153.859,2013-05-01,0.75,3.536,,84.5,0.17804077735872303,245363,143882,,4.6,1003.0,708.0,209.5
161,156.428,2013-06-01,0.75,4.07,,84.1,0.23997080855994998,245552,143999,,4.1,942.0,736.0,208.8
162,158.289,2013-07-01,0.75,4.37,52284.0,85.1,0.0393997533233011,245756,144264,324400.0,5.5,997.0,784.0,208.3
163,159.39700000000005,2013-08-01,0.75,4.456,,82.1,0.12029315570472,245959,144326,,5.5,964.0,765.0,208.9
164,159.675,2013-09-01,0.75,4.49,,77.5,0.11630044852634698,246168,144418,,5.4,1004.0,776.0,208.9
165,159.55700000000004,2013-10-01,0.75,4.192,52544.0,73.2,-0.257528325980464,246381,143537,334400.0,4.9,1044.0,801.0,209.3
166,159.364,2013-11-01,0.75,4.255,,75.1,-0.204242419052338,246567,144479,,5.0,1029.0,839.0,209.8
167,159.281,2013-12-01,0.75,4.4575,,82.5,-0.008581149788259041,246745,144778,,5.2,1005.0,778.0,209.8
168,159.37,2014-01-01,0.75,4.432,52266.0,81.2,0.37202476732360495,246915,145150,331400.0,5.1,976.0,838.0,211.7
169,159.873,2014-02-01,0.75,4.3025,,81.6,0.369790865096873,247085,145134,,5.3,1039.0,876.0,212.7
170,161.19,2014-03-01,0.75,4.3425,,80.0,0.6440044126228239,247258,145648,,5.6,1067.0,893.0,213.4
171,162.97,2014-04-01,0.75,4.3375,52840.0,84.1,0.32967544531577303,247439,145667,340600.0,5.7,1090.0,834.0,213.6
172,164.685,2014-05-01,0.75,4.192,,81.9,0.34926098400487,247622,145825,,5.2,1018.0,891.0,214.3
173,166.215,2014-06-01,0.75,4.1625,,82.5,0.18621269440941102,247814,146247,,5.7,1010.0,800.0,214.5
174,167.139,2014-07-01,0.75,4.13,53340.0,81.8,-0.0390193964161093,248023,146399,340400.0,6.2,1076.0,839.0,214.8
175,167.453,2014-08-01,0.75,4.115,,82.5,-0.167051416579219,248229,146530,,5.4,1047.0,908.0,215.5
176,167.24400000000003,2014-09-01,0.75,4.1625,,84.6,0.0752568824311014,248446,146778,,5.4,1077.0,975.0,215.7
177,166.912,2014-10-01,0.75,4.036,53464.0,86.9,-0.25122778125538897,248657,147427,369400.0,5.3,1094.0,920.0,215.9
178,166.66,2014-11-01,0.75,3.9975,,88.8,-0.539941794106119,248844,147404,,5.7,1059.0,863.0,215.8
179,166.46200000000005,2014-12-01,0.75,3.864,,93.6,-0.567010091001089,249027,147615,,5.1,1072.0,955.0,215.5
180,166.252,2015-01-01,0.75,3.67,53806.0,98.1,-0.470589237347324,249723,148145,348000.0,4.8,1049.0,954.0,215.8
181,166.634,2015-02-01,0.75,3.71,,95.4,0.43430449237720603,249899,148045,,4.5,1127.0,863.0,215.3
182,168.09,2015-03-01,0.75,3.77,,93.0,0.5951721611097321,250080,148128,,5.1,1072.0,781.0,215.0
183,169.97,2015-04-01,0.75,3.672,54021.0,95.9,0.20328732545876899,250266,148511,339700.0,4.9,1166.0,1001.0,214.5
184,171.85,2015-05-01,0.75,3.84,,90.7,0.509723202549469,250455,148817,,5.0,1272.0,1012.0,213.7
185,173.452,2015-06-01,0.75,3.9825,,96.1,0.350286999852812,250663,148816,,5.4,1379.0,962.0,213.7
186,174.498,2015-07-01,0.75,4.046,54081.0,93.1,0.0067047159295661,250876,148830,347400.0,5.2,1140.0,988.0,213.7
187,174.93900000000005,2015-08-01,0.75,3.905,,91.9,-0.141627628281935,251096,149181,,5.0,1165.0,974.0,213.3
188,175.046,2015-09-01,0.75,3.89,,87.2,-0.155675657530359,251325,148826,,5.9,1144.0,1040.0,212.5
189,175.051,2015-10-01,0.75,3.796,54045.0,90.0,-0.0449683750446447,251541,149246,366700.0,5.6,1160.0,985.0,212.4
190,175.143,2015-11-01,0.75,3.9425,,91.3,-0.21106803790814602,251747,149463,,5.5,1244.0,1000.0,211.7
191,175.11700000000005,2015-12-01,1.0,3.964,,92.6,-0.341709643711866,251936,150128,,5.1,1211.0,1023.0,210.9
192,175.03799999999995,2016-01-01,1.0,3.8725,54267.0,92.0,0.165310220906868,252397,150653,357000.0,5.6,1171.0,1056.0,211.4
193,175.28400000000005,2016-02-01,1.0,3.66,,91.7,0.0823076533454985,252577,150939,,5.5,1172.0,1037.0,211.3
194,176.605,2016-03-01,1.0,3.694,,91.0,0.4306000143392679,252768,151218,,5.5,1118.0,1003.0,211.6
195,178.498,2016-04-01,1.0,3.605,54334.0,89.0,0.47410679791040006,252969,151074,357900.0,5.0,1160.0,945.0,212.7
196,180.346,2016-05-01,1.0,3.6,,94.7,0.404579099811517,253174,151132,,5.1,1205.0,1000.0,213.7
197,181.918,2016-06-01,1.0,3.568,,93.5,0.32843661672818797,253397,151223,,5.3,1208.0,1109.0,214.6
198,183.021,2016-07-01,1.0,3.44,54549.0,90.0,-0.161813640474981,253620,151554,358800.0,4.5,1198.0,1072.0,215.3
199,183.659,2016-08-01,1.0,3.435,,89.8,0.0918430107884498,253854,151779,,5.0,1201.0,1054.0,216.0
200,183.949,2016-09-01,1.0,3.46,,91.2,0.240399586462898,254091,151761,,5.2,1303.0,1035.0,215.3
201,184.024,2016-10-01,1.0,3.47,54714.0,87.2,0.124674851301432,254321,151793,364900.0,5.2,1254.0,1070.0,214.8
202,184.237,2016-11-01,1.0,3.77,,93.8,-0.15554608673351403,254540,151954,,5.2,1230.0,1244.0,214.5
203,184.408,2016-12-01,1.25,4.198,,98.2,0.0327321392317517,254742,152157,,5.4,1248.0,1101.0,215.5
204,184.659,2017-01-01,1.25,4.15,54866.0,98.5,0.582772789025459,254082,152152,374800.0,5.4,1296.0,1081.0,217.3
205,185.025,2017-02-01,1.25,4.1675,,96.3,0.31461173864166603,254246,152480,,5.3,1237.0,1148.0,218.8
206,186.534,2017-03-01,1.5,4.196,,96.9,0.0812797871947232,254414,153065,,5.0,1273.0,1147.0,219.7
207,188.55,2017-04-01,1.5,4.045,55057.0,97.0,0.296553336532688,254588,153255,376900.0,5.4,1239.0,1069.0,221.0
208,190.547,2017-05-01,1.5,4.01,,97.1,0.0854721826896363,254767,153069,,5.1,1205.0,1170.0,221.7
209,192.275,2017-06-01,1.75,3.904,,95.0,0.0907111014861139,254957,153318,,5.3,1353.0,1236.0,221.9
210,193.52,2017-07-01,1.75,3.9675,55413.0,93.4,-0.0689922638852295,255151,153569,373200.0,5.8,1254.0,1173.0,221.9
211,194.355,2017-08-01,1.75,3.88,,96.8,0.299445229710857,255357,153503,,6.1,1336.0,1107.0,222.4
212,194.826,2017-09-01,1.75,3.805,,95.1,0.5294905893230339,255562,154286,,5.3,1277.0,1113.0,223.1
213,195.092,2017-10-01,1.75,3.895,55877.0,100.7,-0.0632042103727646,255766,153609,399700.0,5.5,1360.0,1196.0,223.9
214,195.457,2017-11-01,1.75,3.922,,98.5,0.0024324685907436802,255949,153805,,4.8,1295.0,1182.0,223.9
215,195.852,2017-12-01,2.0,3.95,,95.9,-0.05878322772623001,256109,153904,,5.6,1312.0,1200.0,224.1
216,196.12,2018-01-01,2.0,4.0325,56195.0,95.7,0.544774545277541,256780,154425,374600.0,6.0,1311.0,1208.0,225.8
217,196.909,2018-02-01,2.0,4.33,,99.7,0.45346899748655,256934,155197,,5.7,1331.0,1288.0,228.7
218,198.578,2018-03-01,2.25,4.444,,101.4,0.22611259041490397,257097,155214,,5.2,1381.0,1181.0,231.3
219,200.622,2018-04-01,2.25,4.4675,56512.0,98.8,0.397509156334893,257272,155312,378400.0,5.6,1365.0,1224.0,232.4
220,202.461,2018-05-01,2.25,4.586,,98.0,0.4158916925435,257454,155652,,5.5,1331.0,1262.0,236.8
221,204.052,2018-06-01,2.5,4.57,,98.2,0.159387570154372,257642,155762,,5.8,1338.0,1212.0,239.2
222,204.96,2018-07-01,2.5,4.5275,56831.0,97.9,0.0067463262285171605,257843,156146,392900.0,6.0,1333.0,1150.0,239.6
223,205.337,2018-08-01,2.5,4.55,,96.2,0.0555542328357295,258066,155504,,6.5,1293.0,1262.0,239.4
224,205.384,2018-09-01,2.75,4.6275,,100.1,0.116202517589025,258290,156015,,6.6,1320.0,1187.0,240.0
225,205.38,2018-10-01,2.75,4.83,56851.0,98.6,0.176676345572587,258514,156391,384000.0,7.2,1280.0,1122.0,238.7
226,205.11900000000003,2018-11-01,2.75,4.866,,97.5,-0.33493485181009697,258708,156721,,6.4,1334.0,1131.0,238.8
227,204.709,2018-12-01,3.0,4.6375,,98.3,-0.319396281513109,258888,156817,,7.6,1320.0,1053.0,238.3
228,204.213,2019-01-01,3.0,4.464,57100.0,91.2,0.19065966652468397,258239,156529,375500.0,7.0,1254.0,1258.0,238.5
229,204.44,2019-02-01,3.0,4.37,,93.8,0.422705314009692,258392,156908,,6.4,1302.0,1334.0,238.1
230,205.788,2019-03-01,3.0,4.265,,98.4,0.564135835680577,258537,156755,,5.7,1291.0,1301.0,238.1
231,207.703,2019-04-01,3.0,4.1425,57418.0,97.2,0.529500161289074,258693,156683,376700.0,5.8,1298.0,1329.0,237.2
232,209.367,2019-05-01,3.0,4.072,,100.0,0.21287585893841102,258861,156814,,6.7,1338.0,1226.0,237.3
233,210.603,2019-06-01,3.0,3.8025,,98.2,0.0199147181481604,259037,157164,,5.2,1301.0,1169.0,236.3
234,211.354,2019-07-01,3.0,3.765,57845.0,98.4,0.16709416224533802,259225,157525,382700.0,5.9,1347.0,1219.0,235.6
235,211.713,2019-08-01,2.75,3.616,,89.8,-0.00506682360828189,259432,157782,,5.4,1528.0,1294.0,234.4
236,211.891,2019-09-01,2.5,3.605,,93.2,0.0783448576930001,259638,158302,,5.4,1491.0,1150.0,234.4
237,211.984,2019-10-01,2.25,3.688,58017.0,95.5,0.22861905522300002,259845,158474,384600.0,5.3,1538.0,1294.0,233.8
238,212.123,2019-11-01,2.25,3.695,,96.8,-0.0536243034669465,260020,158642,,5.4,1522.0,1244.0,232.8
239,212.253,2019-12-01,2.25,3.72,,99.3,-0.0909769525053793,260181,158834,,5.6,1461.0,1310.0,232.2
240,212.412,2020-01-01,2.25,3.624,57279.0,99.8,0.38797699378148703,259502,158543,383000.0,5.7,1500.0,1302.0,233.4
241,213.232,2020-02-01,2.25,3.465,,101.0,0.274061813149543,259628,158749,,5.6,1440.0,1271.0,234.6
242,215.21,2020-03-01,0.25,3.45,,89.1,-0.21764510317847896,259758,155451,,6.5,1348.0,1247.0,236.3
243,217.258,2020-04-01,0.25,3.306,52393.0,71.8,-0.668694186699718,259896,133258,374500.0,6.9,1050.0,1207.0,234.3
244,218.508,2020-05-01,0.25,3.2325,,72.3,0.00195016166840463,260047,137128,,5.4,1253.0,1171.0,233.3
245,219.835,2020-06-01,0.25,3.1625,,78.1,0.5472046927775109,260204,142276,,3.8,1329.0,1244.0,234.8
246,221.59,2020-07-01,0.25,3.016,56479.0,72.5,0.5058243501670089,260373,143779,397800.0,3.4,1526.0,1314.0,237.0
247,224.069,2020-08-01,0.25,2.935,,74.1,0.315321052408127,260558,147201,,3.3,1564.0,1238.0,240.9
248,226.823,2020-09-01,0.25,2.89,,80.4,0.13927469432666,260742,147625,,3.4,1643.0,1446.0,246.9
249,229.838,2020-10-01,0.25,2.834,56993.0,81.8,0.0414937759336148,260925,149854,403900.0,3.3,1622.0,1370.0,246.4
250,232.346,2020-11-01,0.25,2.765,,76.9,-0.0610627217844138,261085,149928,,4.0,1713.0,1240.0,244.3
251,234.398,2020-12-01,0.25,2.684,,80.7,0.0941478467042597,261230,149961,,4.1,1760.0,1386.0,248.0
252,236.475,2021-01-01,0.25,2.735,57882.0,79.0,0.425378348702726,260851,149871,418600.0,4.0,1866.0,1344.0,256.4
253,239.258,2021-02-01,0.25,2.81,,76.8,0.547438279392344,260918,150205,,4.9,1700.0,1322.0,264.6
254,244.256,2021-03-01,0.25,3.0825,,84.9,0.7083273133749509,261003,150751,,4.4,1731.0,1459.0,276.7
255,249.863,2021-04-01,0.25,3.06,58842.0,88.3,0.821890915406006,261103,151171,440600.0,4.7,1714.0,1438.0,291.8
256,255.489,2021-05-01,0.25,2.9625,,82.9,0.80171051547627,261210,151482,,5.6,1680.0,1337.0,305.9
257,261.215,2021-06-01,0.25,2.975,,85.5,0.9290662902357041,261338,151684,,5.8,1644.0,1298.0,315.7
258,265.553,2021-07-01,0.25,2.868,59169.0,81.2,0.481052352629404,261469,152782,473000.0,5.7,1618.0,1361.0,313.54200000000003
259,268.829,2021-08-01,0.25,2.8425,,70.3,0.20659113636116103,261611,153211,,6.5,1837.0,1312.0,313.08299999999997
260,271.486,2021-09-01,,2.9,,72.8,0.27159708590582105,261766,153867,,6.0,1636.0,1232.0,317.13599999999997
261,273.698,2021-10-01,,3.0675,60117.0,71.7,0.830811855200318,261908,154395,497300.0,6.8,1727.0,1259.0,322.12
262,276.07,2021-11-01,,3.0675,,67.4,0.491342750434762,262029,155535,,6.0,1775.0,1389.0,328.94
263,278.654,2021-12-01,,3.098,,70.6,0.307251716148357,262136,156081,,5.6,1948.0,1337.0,335.032
264,282.041,2022-01-01,,3.445,59836.0,67.2,0.8414573783545228,263202,157122,514100.0,5.8,1898.0,1256.0,345.74199999999996
265,287.286,2022-02-01,,3.7625,,62.8,0.913397925647697,263324,157590,,6.2,1817.0,1371.0,343.583
266,295.117,2022-03-01,,4.172,,59.4,1.3351379548562698,263444,158328,,7.0,1877.0,1356.0,345.852
267,301.773,2022-04-01,,4.9825,59688.0,65.2,0.5582531025654971,263559,157982,527500.0,8.5,1795.0,1361.0,343.786
268,306.5540000000001,2022-05-01,,5.23,,58.4,1.1023523999598799,263679,158299,,8.3,1708.0,1446.0,353.015
269,308.323,2022-06-01,,5.522,,50.0,1.37360757588199,263835,158057,,9.5,1701.0,1392.0,349.8
270,307.13,2022-07-01,,5.4125,60080.0,51.5,-0.0118119138337545,264012,158272,547800.0,10.1,1658.0,1396.0,346.79
271,303.647,2022-08-01,,5.2225,,58.2,-0.0354399276350673,264184,158694,,8.7,1586.0,1355.0,342.75300000000004
272,300.439,2022-09-01,,6.112,,58.6,0.21507845130010397,264356,158850,,9.7,1588.0,1438.0,336.464
273,298.651,2022-10-01,,6.9,60376.0,59.9,0.405649443411221,264535,158593,552600.0,9.7,1555.0,1348.0,333.796
274,296.836,2022-11-01,,6.805,,56.8,-0.10100264418881401,264708,158527,,9.4,1402.0,1543.0,330.369
275,294.319,2022-12-01,,6.364,,59.7,-0.307009146454112,264844,159244,,8.5,1409.0,1390.0,326.449
276,292.715,2023-01-01,,6.2725,60611.0,64.9,0.799536383454017,265962,160138,505300.0,8.1,1354.0,1377.0,327.33799999999997
277,293.341,2023-02-01,,6.2575,,67.0,0.5582110505732301,266112,160315,,8.4,1482.0,1577.0,330.532
278,297.127,2023-03-01,,6.544,,62.0,0.33107299561230497,266272,160892,,8.1,1437.0,1528.0,331.72900000000004
279,301.457,2023-04-01,,6.3425,60852.0,63.5,0.50590386832584,266443,161031,495100.0,7.6,1417.0,1416.0,333.54900000000004
280,305.402,2023-05-01,,6.425,,59.2,0.25184350102024106,266618,160721,,7.3,1496.0,1534.0,338.154
281,308.254,2023-06-01,,6.714,,64.4,0.32289142364864504,266801,160994,,7.5,1441.0,1498.0,337.95300000000003
